{
  "ControlView": {
    "ControlModel": {
      "Generator": {
        "DefaultVisibility": true,
        "Expression": "0 <> n() % 2",
        "IsUseCache": true,
        "Mode": 1,
        "ModuloBy": 2,
        "NumLevels": 10,
        "RemainderToHide": 0,
        "RemainderToShow": -1
      },
      "Pattern": {
        "FrameDistanceRatio": "1, 1",
        "FrameSize": "1, 1",
        "PatternMode": 0,
        "PatternOffset": "1, 1",
        "PatternScale": 1.0,
        "ShapeSizeRatio": "0.95, 0.95",
        "StartPosition": "0, 0"
      },
      "Style": {
        "BackColor": "WhiteSmoke",
        "Hidden": {
          "BorderColor": "Linen",
          "BorderWidth": 1,
          "Fill": "Gainsboro",
          "Font": "Arial, 12pt",
          "FontColor": "Black",
          "IsShow": false,
          "IsShowNumber": false
        },
        "IsInverted": false,
        "IsResetScale": true,
        "IsShowZeroLines": true,
        "IsUseAntiAlias": false,
        "Visible": {
          "BorderColor": "CadetBlue",
          "BorderWidth": 1,
          "Fill": "DarkTurquoise",
          "Font": "Arial, 12pt",
          "FontColor": "Black",
          "IsShow": true,
          "IsShowNumber": false
        }
      }
    }
  },
  "GraphView": {
    "CacheMaxNumItems": 20000
  },
  "MainView": {
    "Height": 600,
    "Width": 800,
    "WindowState": 0
  },
  "Version": {
    "Version": "1.0.0.0"
  }
}